-0.08,-0.08,0.0030420557595789433,0.0,0.0,1.0,2.4,40000.0,0.009,0.0,0.01,0.01,0.003,0.0
-0.06933333333333333,-0.08,0.005814951844513416,0.0,0.0,1.0,2.4,40000.0,0.009,0.0,0.01,0.01,0.003,0.0
-0.05866666666666667,-0.08,0.0,0.0,0.0,1.0,2.4,40000.0,0.009,0.0,0.01,0.01,0.003,0.0
-0.048,-0.08,0.0003657112247310579,0.0,0.0,1.0,2.4,40000.0,0.009,0.0,0.01,0.01,0.003,0.0
-0.037333333333333336,-0.08,0.003498112317174673,0.0,0.0,1.0,2.4,40000.0,0.009,0.0,0.01,0.01,0.003,0.0
-0.026666666666666672,-0.08,0.008500000461935997,0.0,0.0,1.0,2.4,40000.0,0.009,0.0,0.01,0.01,0.003,0.0
-0.016,-0.08,0.0016143840039148927,0.0,0.0,1.0,2.4,40000.0,0.009,0.0,0.01,0.01,0.003,0.0
-0.005333333333333343,-0.08,0.00012096231512259692,0.0,0.0,1.0,2.4,40000.0,0.009,0.0,0.01,0.01,0.003,0.0
0.005333333333333329,-0.08,0.008500000461935997,0.0,0.0,1.0,2.4,40000.0,0.009,0.0,0.01,0.01,0.003,0.0
0.016,-0.08,0.0009756258223205805,0.0,0.0,1.0,2.4,40000.0,0.009,0.0,0.01,0.01,0.003,0.0
0.026666666666666658,-0.08,0.008500000461935997,0.0,0.0,1.0,2.4,40000.0,0.009,0.0,0.01,0.01,0.003,0.0
0.03733333333333333,-0.08,0.0026414101012051105,0.0,0.0,1.0,2.4,40000.0,0.009,0.0,0.01,0.01,0.003,0.0
0.048,-0.08,0.0,0.0,0.0,1.0,2.4,40000.0,0.009,0.0,0.01,0.01,0.003,0.0
0.05866666666666666,-0.08,0.0082243662327528,0.0,0.0,1.0,2.4,40000.0,0.009,0.0,0.01,0.01,0.003,0.0
0.06933333333333332,-0.08,0.00516233267262578,0.0,0.0,1.0,2.4,40000.0,0.009,0.0,0.01,0.01,0.003,0.0
0.08,-0.08,0.008500000461935997,0.0,0.0,1.0,2.4,40000.0,0.009,0.0,0.01,0.01,0.003,0.0
-0.08,-0.06933333333333333,0.0059117646887898445,0.0,0.0,1.0,2.4,40000.0,0.009,0.0,0.01,0.01,0.003,0.0
-0.06933333333333333,-0.06933333333333333,0.004030508454889059,0.0,0.0,1.0,2.4,40000.0,0.009,0.0,0.01,0.01,0.003,0.0
-0.05866666666666667,-0.06933333333333333,0.0,0.0,0.0,1.0,2.4,40000.0,0.009,0.0,0.01,0.01,0.003,0.0
-0.048,-0.06933333333333333,0.003591562155634165,0.0,0.0,1.0,2.4,40000.0,0.009,0.0,0.01,0.01,0.003,0.0
-0.037333333333333336,-0.06933333333333333,0.0038355982396751642,0.0,0.0,1.0,2.4,40000.0,0.009,0.0,0.01,0.01,0.003,0.0
-0.026666666666666672,-0.06933333333333333,0.008500000461935997,0.0,0.0,1.0,2.4,40000.0,0.009,0.0,0.01,0.01,0.003,0.0
-0.016,-0.06933333333333333,0.006739338394254446,0.0,0.0,1.0,2.4,40000.0,0.009,0.0,0.01,0.01,0.003,0.0
-0.005333333333333343,-0.06933333333333333,0.006520393304526806,0.0,0.0,1.0,2.4,40000.0,0.009,0.0,0.01,0.01,0.003,0.0
0.005333333333333329,-0.06933333333333333,0.006718397606164217,0.0,0.0,1.0,2.4,40000.0,0.009,0.0,0.01,0.01,0.003,0.0
0.016,-0.06933333333333333,0.0058253672905266285,0.0,0.0,1.0,2.4,40000.0,0.009,0.0,0.01,0.01,0.003,0.0
0.026666666666666658,-0.06933333333333333,0.008500000461935997,0.0,0.0,1.0,2.4,40000.0,0.009,0.0,0.01,0.01,0.003,0.0
0.03733333333333333,-0.06933333333333333,0.0038358340971171856,0.0,0.0,1.0,2.4,40000.0,0.009,0.0,0.01,0.01,0.003,0.0
0.048,-0.06933333333333333,0.003432834753766656,0.0,0.0,1.0,2.4,40000.0,0.009,0.0,0.01,0.01,0.003,0.0
0.05866666666666666,-0.06933333333333333,0.0009928212966769934,0.0,0.0,1.0,2.4,40000.0,0.009,0.0,0.01,0.01,0.003,0.0
0.06933333333333332,-0.06933333333333333,0.0,0.0,0.0,1.0,2.4,40000.0,0.009,0.0,0.01,0.01,0.003,0.0
0.08,-0.06933333333333333,0.006091790273785591,0.0,0.0,1.0,2.4,40000.0,0.009,0.0,0.01,0.01,0.003,0.0
-0.08,-0.05866666666666667,0.0,0.0,0.0,1.0,2.4,40000.0,0.009,0.0,0.01,0.01,0.003,0.0
-0.06933333333333333,-0.05866666666666667,0.0,0.0,0.0,1.0,2.4,40000.0,0.009,0.0,0.01,0.01,0.003,0.0
-0.05866666666666667,-0.05866666666666667,0.0,0.0,0.0,1.0,2.4,40000.0,0.009,0.0,0.01,0.01,0.003,0.0
-0.048,-0.05866666666666667,0.0043062083423137665,0.0,0.0,1.0,2.4,40000.0,0.009,0.0,0.01,0.01,0.003,0.0
-0.037333333333333336,-0.05866666666666667,0.0,0.0,0.0,1.0,2.4,40000.0,0.009,0.0,0.01,0.01,0.003,0.0
-0.026666666666666672,-0.05866666666666667,0.007942586205899715,0.0,0.0,1.0,2.4,40000.0,0.009,0.0,0.01,0.01,0.003,0.0
-0.016,-0.05866666666666667,0.005494978744536638,0.0,0.0,1.0,2.4,40000.0,0.009,0.0,0.01,0.01,0.003,0.0
-0.005333333333333343,-0.05866666666666667,0.004218697547912598,0.0,0.0,1.0,2.4,40000.0,0.009,0.0,0.01,0.01,0.003,0.0
0.005333333333333329,-0.05866666666666667,0.003806046210229397,0.0,0.0,1.0,2.4,40000.0,0.009,0.0,0.01,0.01,0.003,0.0
0.016,-0.05866666666666667,0.0055704982951283455,0.0,0.0,1.0,2.4,40000.0,0.009,0.0,0.01,0.01,0.003,0.0
0.026666666666666658,-0.05866666666666667,0.007608818355947733,0.0,0.0,1.0,2.4,40000.0,0.009,0.0,0.01,0.01,0.003,0.0
0.03733333333333333,-0.05866666666666667,0.0,0.0,0.0,1.0,2.4,40000.0,0.009,0.0,0.01,0.01,0.003,0.0
0.048,-0.05866666666666667,0.003881412325426936,0.0,0.0,1.0,2.4,40000.0,0.009,0.0,0.01,0.01,0.003,0.0
0.05866666666666666,-0.05866666666666667,0.005728505551815033,0.0,0.0,1.0,2.4,40000.0,0.009,0.0,0.01,0.01,0.003,0.0
0.06933333333333332,-0.05866666666666667,0.0015710846055299044,0.0,0.0,1.0,2.4,40000.0,0.009,0.0,0.01,0.01,0.003,0.0
0.08,-0.05866666666666667,0.008500000461935997,0.0,0.0,1.0,2.4,40000.0,0.009,0.0,0.01,0.01,0.003,0.0
-0.08,-0.048,0.0006971853435970843,0.0,0.0,1.0,2.4,40000.0,0.009,0.0,0.01,0.01,0.003,0.0
-0.06933333333333333,-0.048,0.0038042895030230284,0.0,0.0,1.0,2.4,40000.0,0.009,0.0,0.01,0.01,0.003,0.0
-0.05866666666666667,-0.048,0.004256623797118664,0.0,0.0,1.0,2.4,40000.0,0.009,0.0,0.01,0.01,0.003,0.0
-0.048,-0.048,0.0016045410884544253,0.0,0.0,1.0,2.4,40000.0,0.009,0.0,0.01,0.01,0.003,0.0
-0.037333333333333336,-0.048,0.0,0.0,0.0,1.0,2.4,40000.0,0.009,0.0,0.01,0.01,0.003,0.0
-0.026666666666666672,-0.048,0.005637566093355417,0.0,0.0,1.0,2.4,40000.0,0.009,0.0,0.01,0.01,0.003,0.0
-0.016,-0.048,0.005038117989897728,0.0,0.0,1.0,2.4,40000.0,0.009,0.0,0.01,0.01,0.003,0.0
-0.005333333333333343,-0.048,0.004199355375021696,0.0,0.0,1.0,2.4,40000.0,0.009,0.0,0.01,0.01,0.003,0.0
0.005333333333333329,-0.048,0.004453443922102451,0.0,0.0,1.0,2.4,40000.0,0.009,0.0,0.01,0.01,0.003,0.0
0.016,-0.048,0.004984870087355375,0.0,0.0,1.0,2.4,40000.0,0.009,0.0,0.01,0.01,0.003,0.0
0.026666666666666658,-0.048,0.005528101697564125,0.0,0.0,1.0,2.4,40000.0,0.009,0.0,0.01,0.01,0.003,0.0
0.03733333333333333,-0.048,0.0,0.0,0.0,1.0,2.4,40000.0,0.009,0.0,0.01,0.01,0.003,0.0
0.048,-0.048,0.0009889805223792791,0.0,0.0,1.0,2.4,40000.0,0.009,0.0,0.01,0.01,0.003,0.0
0.05866666666666666,-0.048,0.003816351294517517,0.0,0.0,1.0,2.4,40000.0,0.009,0.0,0.01,0.01,0.003,0.0
0.06933333333333332,-0.048,0.0052777426317334175,0.0,0.0,1.0,2.4,40000.0,0.009,0.0,0.01,0.01,0.003,0.0
0.08,-0.048,0.0033629860263317823,0.0,0.0,1.0,2.4,40000.0,0.009,0.0,0.01,0.01,0.003,0.0
-0.08,-0.037333333333333336,0.0034400648437440395,0.0,0.0,1.0,2.4,40000.0,0.009,0.0,0.01,0.01,0.003,0.0
-0.06933333333333333,-0.037333333333333336,0.003909427672624588,0.0,0.0,1.0,2.4,40000.0,0.009,0.0,0.01,0.01,0.003,0.0
-0.05866666666666667,-0.037333333333333336,0.0,0.0,0.0,1.0,2.4,40000.0,0.009,0.0,0.01,0.01,0.003,0.0
-0.048,-0.037333333333333336,0.0,0.0,0.0,1.0,2.4,40000.0,0.009,0.0,0.01,0.01,0.003,0.0
-0.037333333333333336,-0.037333333333333336,0.005856644827872515,0.0,0.0,1.0,2.4,40000.0,0.009,0.0,0.01,0.01,0.003,0.0
-0.026666666666666672,-0.037333333333333336,0.0048126825131475925,0.0,0.0,1.0,2.4,40000.0,0.009,0.0,0.01,0.01,0.003,0.0
-0.016,-0.037333333333333336,0.0035480004735291004,0.0,0.0,1.0,2.4,40000.0,0.009,0.0,0.01,0.01,0.003,0.0
-0.005333333333333343,-0.037333333333333336,0.003003797261044383,0.0,0.0,1.0,2.4,40000.0,0.009,0.0,0.01,0.01,0.003,0.0
0.005333333333333329,-0.037333333333333336,0.0030127002391964197,0.0,0.0,1.0,2.4,40000.0,0.009,0.0,0.01,0.01,0.003,0.0
0.016,-0.037333333333333336,0.003594054374843836,0.0,0.0,1.0,2.4,40000.0,0.009,0.0,0.01,0.01,0.003,0.0
0.026666666666666658,-0.037333333333333336,0.004616915248334408,0.0,0.0,1.0,2.4,40000.0,0.009,0.0,0.01,0.01,0.003,0.0
0.03733333333333333,-0.037333333333333336,0.0060822851955890656,0.0,0.0,1.0,2.4,40000.0,0.009,0.0,0.01,0.01,0.003,0.0
0.048,-0.037333333333333336,0.0,0.0,0.0,1.0,2.4,40000.0,0.009,0.0,0.01,0.01,0.003,0.0
0.05866666666666666,-0.037333333333333336,0.0,0.0,0.0,1.0,2.4,40000.0,0.009,0.0,0.01,0.01,0.003,0.0
0.06933333333333332,-0.037333333333333336,0.0029501114040613174,0.0,0.0,1.0,2.4,40000.0,0.009,0.0,0.01,0.01,0.003,0.0
0.08,-0.037333333333333336,0.0,0.0,0.0,1.0,2.4,40000.0,0.009,0.0,0.01,0.01,0.003,0.0
-0.08,-0.026666666666666672,0.008500000461935997,0.0,0.0,1.0,2.4,40000.0,0.009,0.0,0.01,0.01,0.003,0.0
-0.06933333333333333,-0.026666666666666672,0.008500000461935997,0.0,0.0,1.0,2.4,40000.0,0.009,0.0,0.01,0.01,0.003,0.0
-0.05866666666666667,-0.026666666666666672,0.0080425925552845,0.0,0.0,1.0,2.4,40000.0,0.009,0.0,0.01,0.01,0.003,0.0
-0.048,-0.026666666666666672,0.005637270398437977,0.0,0.0,1.0,2.4,40000.0,0.009,0.0,0.01,0.01,0.003,0.0
-0.037333333333333336,-0.026666666666666672,0.0046717035584151745,0.0,0.0,1.0,2.4,40000.0,0.009,0.0,0.01,0.01,0.003,0.0
-0.026666666666666672,-0.026666666666666672,0.002843449590727687,0.0,0.0,1.0,2.4,40000.0,0.009,0.0,0.01,0.01,0.003,0.0
-0.016,-0.026666666666666672,0.0024302885867655277,0.0,0.0,1.0,2.4,40000.0,0.009,0.0,0.01,0.01,0.003,0.0
-0.005333333333333343,-0.026666666666666672,0.001816952251829207,0.0,0.0,1.0,2.4,40000.0,0.009,0.0,0.01,0.01,0.003,0.0
0.005333333333333329,-0.026666666666666672,0.0019224741263315082,0.0,0.0,1.0,2.4,40000.0,0.009,0.0,0.01,0.01,0.003,0.0
0.016,-0.026666666666666672,0.002385960891842842,0.0,0.0,1.0,2.4,40000.0,0.009,0.0,0.01,0.01,0.003,0.0
0.026666666666666658,-0.026666666666666672,0.0030209862161427736,0.0,0.0,1.0,2.4,40000.0,0.009,0.0,0.01,0.01,0.003,0.0
0.03733333333333333,-0.026666666666666672,0.0048637003637850285,0.0,0.0,1.0,2.4,40000.0,0.009,0.0,0.01,0.01,0.003,0.0
0.048,-0.026666666666666672,0.005311902146786451,0.0,0.0,1.0,2.4,40000.0,0.009,0.0,0.01,0.01,0.003,0.0
0.05866666666666666,-0.026666666666666672,0.007398989982903004,0.0,0.0,1.0,2.4,40000.0,0.009,0.0,0.01,0.01,0.003,0.0
0.06933333333333332,-0.026666666666666672,0.008500000461935997,0.0,0.0,1.0,2.4,40000.0,0.009,0.0,0.01,0.01,0.003,0.0
0.08,-0.026666666666666672,0.008500000461935997,0.0,0.0,1.0,2.4,40000.0,0.009,0.0,0.01,0.01,0.003,0.0
-0.08,-0.016,0.0019250246696174145,0.0,0.0,1.0,2.4,40000.0,0.009,0.0,0.01,0.01,0.003,0.0
-0.06933333333333333,-0.016,0.006847362965345383,0.0,0.0,1.0,2.4,40000.0,0.009,0.0,0.01,0.01,0.003,0.0
-0.05866666666666667,-0.016,0.005486880429089069,0.0,0.0,1.0,2.4,40000.0,0.009,0.0,0.01,0.01,0.003,0.0
-0.048,-0.016,0.005007097031921148,0.0,0.0,1.0,2.4,40000.0,0.009,0.0,0.01,0.01,0.003,0.0
-0.037333333333333336,-0.016,0.003388803917914629,0.0,0.0,1.0,2.4,40000.0,0.009,0.0,0.01,0.01,0.003,0.0
-0.026666666666666672,-0.016,0.00241128820925951,0.0,0.0,1.0,2.4,40000.0,0.009,0.0,0.01,0.01,0.003,0.0
-0.016,-0.016,0.0016932558501139283,0.0,0.0,1.0,2.4,40000.0,0.009,0.0,0.01,0.01,0.003,0.0
-0.005333333333333343,-0.016,0.0019951993599534035,0.0,0.0,1.0,2.4,40000.0,0.009,0.0,0.01,0.01,0.003,0.0
0.005333333333333329,-0.016,0.0018546252977102995,0.0,0.0,1.0,2.4,40000.0,0.009,0.0,0.01,0.01,0.003,0.0
0.016,-0.016,0.0017219927394762635,0.0,0.0,1.0,2.4,40000.0,0.009,0.0,0.01,0.01,0.003,0.0
0.026666666666666658,-0.016,0.0025568283163011074,0.0,0.0,1.0,2.4,40000.0,0.009,0.0,0.01,0.01,0.003,0.0
0.03733333333333333,-0.016,0.003429579548537731,0.0,0.0,1.0,2.4,40000.0,0.009,0.0,0.01,0.01,0.003,0.0
0.048,-0.016,0.004880527500063181,0.0,0.0,1.0,2.4,40000.0,0.009,0.0,0.01,0.01,0.003,0.0
0.05866666666666666,-0.016,0.005265273619443178,0.0,0.0,1.0,2.4,40000.0,0.009,0.0,0.01,0.01,0.003,0.0
0.06933333333333332,-0.016,0.005487304646521807,0.0,0.0,1.0,2.4,40000.0,0.009,0.0,0.01,0.01,0.003,0.0
0.08,-0.016,0.0006659689242951572,0.0,0.0,1.0,2.4,40000.0,0.009,0.0,0.01,0.01,0.003,0.0
-0.08,-0.005333333333333343,0.00026416973560117185,0.0,0.0,1.0,2.4,40000.0,0.009,0.0,0.01,0.01,0.003,0.0
-0.06933333333333333,-0.005333333333333343,0.006527585443109274,0.0,0.0,1.0,2.4,40000.0,0.009,0.0,0.01,0.01,0.003,0.0
-0.05866666666666667,-0.005333333333333343,0.00412060646340251,0.0,0.0,1.0,2.4,40000.0,0.009,0.0,0.01,0.01,0.003,0.0
-0.048,-0.005333333333333343,0.004328747279942036,0.0,0.0,1.0,2.4,40000.0,0.009,0.0,0.01,0.01,0.003,0.0
-0.037333333333333336,-0.005333333333333343,0.002841729437932372,0.0,0.0,1.0,2.4,40000.0,0.009,0.0,0.01,0.01,0.003,0.0
-0.026666666666666672,-0.005333333333333343,0.0017312505515292287,0.0,0.0,1.0,2.4,40000.0,0.009,0.0,0.01,0.01,0.003,0.0
-0.016,-0.005333333333333343,0.0018307811114937067,0.0,0.0,1.0,2.4,40000.0,0.009,0.0,0.01,0.01,0.003,0.0
-0.005333333333333343,-0.005333333333333343,0.002069604117423296,0.0,0.0,1.0,2.4,40000.0,0.009,0.0,0.01,0.01,0.003,0.0
0.005333333333333329,-0.005333333333333343,0.0019216923974454403,0.0,0.0,1.0,2.4,40000.0,0.009,0.0,0.01,0.01,0.003,0.0
0.016,-0.005333333333333343,0.001749782357364893,0.0,0.0,1.0,2.4,40000.0,0.009,0.0,0.01,0.01,0.003,0.0
0.026666666666666658,-0.005333333333333343,0.0020055442582815886,0.0,0.0,1.0,2.4,40000.0,0.009,0.0,0.01,0.01,0.003,0.0
0.03733333333333333,-0.005333333333333343,0.002894045552238822,0.0,0.0,1.0,2.4,40000.0,0.009,0.0,0.01,0.01,0.003,0.0
0.048,-0.005333333333333343,0.0042899176478385925,0.0,0.0,1.0,2.4,40000.0,0.009,0.0,0.01,0.01,0.003,0.0
0.05866666666666666,-0.005333333333333343,0.003017581533640623,0.0,0.0,1.0,2.4,40000.0,0.009,0.0,0.01,0.01,0.003,0.0
0.06933333333333332,-0.005333333333333343,0.005632225424051285,0.0,0.0,1.0,2.4,40000.0,0.009,0.0,0.01,0.01,0.003,0.0
0.08,-0.005333333333333343,0.008500000461935997,0.0,0.0,1.0,2.4,40000.0,0.009,0.0,0.01,0.01,0.003,0.0
-0.08,0.005333333333333329,0.008500000461935997,0.0,0.0,1.0,2.4,40000.0,0.009,0.0,0.01,0.01,0.003,0.0
-0.06933333333333333,0.005333333333333329,0.006898306310176849,0.0,0.0,1.0,2.4,40000.0,0.009,0.0,0.01,0.01,0.003,0.0
-0.05866666666666667,0.005333333333333329,0.0038066396955400705,0.0,0.0,1.0,2.4,40000.0,0.009,0.0,0.01,0.01,0.003,0.0
-0.048,0.005333333333333329,0.004450860433280468,0.0,0.0,1.0,2.4,40000.0,0.009,0.0,0.01,0.01,0.003,0.0
-0.037333333333333336,0.005333333333333329,0.0028451448306441307,0.0,0.0,1.0,2.4,40000.0,0.009,0.0,0.01,0.01,0.003,0.0
-0.026666666666666672,0.005333333333333329,0.0018895277753472328,0.0,0.0,1.0,2.4,40000.0,0.009,0.0,0.01,0.01,0.003,0.0
-0.016,0.005333333333333329,0.001800525700673461,0.0,0.0,1.0,2.4,40000.0,0.009,0.0,0.01,0.01,0.003,0.0
-0.005333333333333343,0.005333333333333329,0.002074695657938719,0.0,0.0,1.0,2.4,40000.0,0.009,0.0,0.01,0.01,0.003,0.0
0.005333333333333329,0.005333333333333329,0.0019599662628024817,0.0,0.0,1.0,2.4,40000.0,0.009,0.0,0.01,0.01,0.003,0.0
0.016,0.005333333333333329,0.0018638535402715206,0.0,0.0,1.0,2.4,40000.0,0.009,0.0,0.01,0.01,0.003,0.0
0.026666666666666658,0.005333333333333329,0.002100554294884205,0.0,0.0,1.0,2.4,40000.0,0.009,0.0,0.01,0.01,0.003,0.0
0.03733333333333333,0.005333333333333329,0.002777338493615389,0.0,0.0,1.0,2.4,40000.0,0.009,0.0,0.01,0.01,0.003,0.0
0.048,0.005333333333333329,0.004198298789560795,0.0,0.0,1.0,2.4,40000.0,0.009,0.0,0.01,0.01,0.003,0.0
0.05866666666666666,0.005333333333333329,0.003149941796436906,0.0,0.0,1.0,2.4,40000.0,0.009,0.0,0.01,0.01,0.003,0.0
0.06933333333333332,0.005333333333333329,0.005623657256364822,0.0,0.0,1.0,2.4,40000.0,0.009,0.0,0.01,0.01,0.003,0.0
0.08,0.005333333333333329,0.0,0.0,0.0,1.0,2.4,40000.0,0.009,0.0,0.01,0.01,0.003,0.0
-0.08,0.016,0.0011994681553915143,0.0,0.0,1.0,2.4,40000.0,0.009,0.0,0.01,0.01,0.003,0.0
-0.06933333333333333,0.016,0.005893528927117586,0.0,0.0,1.0,2.4,40000.0,0.009,0.0,0.01,0.01,0.003,0.0
-0.05866666666666667,0.016,0.005734453909099102,0.0,0.0,1.0,2.4,40000.0,0.009,0.0,0.01,0.01,0.003,0.0
-0.048,0.016,0.004912887699902058,0.0,0.0,1.0,2.4,40000.0,0.009,0.0,0.01,0.01,0.003,0.0
-0.037333333333333336,0.016,0.003532275091856718,0.0,0.0,1.0,2.4,40000.0,0.009,0.0,0.01,0.01,0.003,0.0
-0.026666666666666672,0.016,0.002552753547206521,0.0,0.0,1.0,2.4,40000.0,0.009,0.0,0.01,0.01,0.003,0.0
-0.016,0.016,0.001857022289186716,0.0,0.0,1.0,2.4,40000.0,0.009,0.0,0.01,0.01,0.003,0.0
-0.005333333333333343,0.016,0.0019905578810721636,0.0,0.0,1.0,2.4,40000.0,0.009,0.0,0.01,0.01,0.003,0.0
0.005333333333333329,0.016,0.0019326399778947234,0.0,0.0,1.0,2.4,40000.0,0.009,0.0,0.01,0.01,0.003,0.0
0.016,0.016,0.0018574398709461093,0.0,0.0,1.0,2.4,40000.0,0.009,0.0,0.01,0.01,0.003,0.0
0.026666666666666658,0.016,0.0025239780079573393,0.0,0.0,1.0,2.4,40000.0,0.009,0.0,0.01,0.01,0.003,0.0
0.03733333333333333,0.016,0.0034220509696751833,0.0,0.0,1.0,2.4,40000.0,0.009,0.0,0.01,0.01,0.003,0.0
0.048,0.016,0.0045974901877343655,0.0,0.0,1.0,2.4,40000.0,0.009,0.0,0.01,0.01,0.003,0.0
0.05866666666666666,0.016,0.004921490792185068,0.0,0.0,1.0,2.4,40000.0,0.009,0.0,0.01,0.01,0.003,0.0
0.06933333333333332,0.016,0.005682303570210934,0.0,0.0,1.0,2.4,40000.0,0.009,0.0,0.01,0.01,0.003,0.0
0.08,0.016,0.0007222723215818405,0.0,0.0,1.0,2.4,40000.0,0.009,0.0,0.01,0.01,0.003,0.0
-0.08,0.026666666666666658,0.008500000461935997,0.0,0.0,1.0,2.4,40000.0,0.009,0.0,0.01,0.01,0.003,0.0
-0.06933333333333333,0.026666666666666658,0.008500000461935997,0.0,0.0,1.0,2.4,40000.0,0.009,0.0,0.01,0.01,0.003,0.0
-0.05866666666666667,0.026666666666666658,0.007975521497428417,0.0,0.0,1.0,2.4,40000.0,0.009,0.0,0.01,0.01,0.003,0.0
-0.048,0.026666666666666658,0.005628084298223257,0.0,0.0,1.0,2.4,40000.0,0.009,0.0,0.01,0.01,0.003,0.0
-0.037333333333333336,0.026666666666666658,0.004751377273350954,0.0,0.0,1.0,2.4,40000.0,0.009,0.0,0.01,0.01,0.003,0.0
-0.026666666666666672,0.026666666666666658,0.0032001500949263573,0.0,0.0,1.0,2.4,40000.0,0.009,0.0,0.01,0.01,0.003,0.0
-0.016,0.026666666666666658,0.002669296693056822,0.0,0.0,1.0,2.4,40000.0,0.009,0.0,0.01,0.01,0.003,0.0
-0.005333333333333343,0.026666666666666658,0.0021123699843883514,0.0,0.0,1.0,2.4,40000.0,0.009,0.0,0.01,0.01,0.003,0.0
0.005333333333333329,0.026666666666666658,0.0021236801985651255,0.0,0.0,1.0,2.4,40000.0,0.009,0.0,0.01,0.01,0.003,0.0
0.016,0.026666666666666658,0.002528959885239601,0.0,0.0,1.0,2.4,40000.0,0.009,0.0,0.01,0.01,0.003,0.0
0.026666666666666658,0.026666666666666658,0.003173893317580223,0.0,0.0,1.0,2.4,40000.0,0.009,0.0,0.01,0.01,0.003,0.0
0.03733333333333333,0.026666666666666658,0.004651737865060568,0.0,0.0,1.0,2.4,40000.0,0.009,0.0,0.01,0.01,0.003,0.0
0.048,0.026666666666666658,0.005345797631889582,0.0,0.0,1.0,2.4,40000.0,0.009,0.0,0.01,0.01,0.003,0.0
0.05866666666666666,0.026666666666666658,0.006649116985499859,0.0,0.0,1.0,2.4,40000.0,0.009,0.0,0.01,0.01,0.003,0.0
0.06933333333333332,0.026666666666666658,0.008500000461935997,0.0,0.0,1.0,2.4,40000.0,0.009,0.0,0.01,0.01,0.003,0.0
0.08,0.026666666666666658,0.008500000461935997,0.0,0.0,1.0,2.4,40000.0,0.009,0.0,0.01,0.01,0.003,0.0
-0.08,0.03733333333333333,0.0030175514984875917,0.0,0.0,1.0,2.4,40000.0,0.009,0.0,0.01,0.01,0.003,0.0
-0.06933333333333333,0.03733333333333333,0.004161518532782793,0.0,0.0,1.0,2.4,40000.0,0.009,0.0,0.01,0.01,0.003,0.0
-0.05866666666666667,0.03733333333333333,0.0,0.0,0.0,1.0,2.4,40000.0,0.009,0.0,0.01,0.01,0.003,0.0
-0.048,0.03733333333333333,0.0,0.0,0.0,1.0,2.4,40000.0,0.009,0.0,0.01,0.01,0.003,0.0
-0.037333333333333336,0.03733333333333333,0.006117481738328934,0.0,0.0,1.0,2.4,40000.0,0.009,0.0,0.01,0.01,0.003,0.0
-0.026666666666666672,0.03733333333333333,0.005042640026658773,0.0,0.0,1.0,2.4,40000.0,0.009,0.0,0.01,0.01,0.003,0.0
-0.016,0.03733333333333333,0.0034933064598590136,0.0,0.0,1.0,2.4,40000.0,0.009,0.0,0.01,0.01,0.003,0.0
-0.005333333333333343,0.03733333333333333,0.002896757097914815,0.0,0.0,1.0,2.4,40000.0,0.009,0.0,0.01,0.01,0.003,0.0
0.005333333333333329,0.03733333333333333,0.0028055531438440084,0.0,0.0,1.0,2.4,40000.0,0.009,0.0,0.01,0.01,0.003,0.0
0.016,0.03733333333333333,0.0033718214835971594,0.0,0.0,1.0,2.4,40000.0,0.009,0.0,0.01,0.01,0.003,0.0
0.026666666666666658,0.03733333333333333,0.004571239929646254,0.0,0.0,1.0,2.4,40000.0,0.009,0.0,0.01,0.01,0.003,0.0
0.03733333333333333,0.03733333333333333,0.006153913214802742,0.0,0.0,1.0,2.4,40000.0,0.009,0.0,0.01,0.01,0.003,0.0
0.048,0.03733333333333333,0.0,0.0,0.0,1.0,2.4,40000.0,0.009,0.0,0.01,0.01,0.003,0.0
0.05866666666666666,0.03733333333333333,0.0,0.0,0.0,1.0,2.4,40000.0,0.009,0.0,0.01,0.01,0.003,0.0
0.06933333333333332,0.03733333333333333,0.0009353724308311939,0.0,0.0,1.0,2.4,40000.0,0.009,0.0,0.01,0.01,0.003,0.0
0.08,0.03733333333333333,0.005752211902290583,0.0,0.0,1.0,2.4,40000.0,0.009,0.0,0.01,0.01,0.003,0.0
-0.08,0.048,0.0,0.0,0.0,1.0,2.4,40000.0,0.009,0.0,0.01,0.01,0.003,0.0
-0.06933333333333333,0.048,0.003473011078312993,0.0,0.0,1.0,2.4,40000.0,0.009,0.0,0.01,0.01,0.003,0.0
-0.05866666666666667,0.048,0.004118866752833128,0.0,0.0,1.0,2.4,40000.0,0.009,0.0,0.01,0.01,0.003,0.0
-0.048,0.048,0.0012844573939219117,0.0,0.0,1.0,2.4,40000.0,0.009,0.0,0.01,0.01,0.003,0.0
-0.037333333333333336,0.048,0.0,0.0,0.0,1.0,2.4,40000.0,0.009,0.0,0.01,0.01,0.003,0.0
-0.026666666666666672,0.048,0.005308329593390226,0.0,0.0,1.0,2.4,40000.0,0.009,0.0,0.01,0.01,0.003,0.0
-0.016,0.048,0.004884899593889713,0.0,0.0,1.0,2.4,40000.0,0.009,0.0,0.01,0.01,0.003,0.0
-0.005333333333333343,0.048,0.004217506852000952,0.0,0.0,1.0,2.4,40000.0,0.009,0.0,0.01,0.01,0.003,0.0
0.005333333333333329,0.048,0.00426269369199872,0.0,0.0,1.0,2.4,40000.0,0.009,0.0,0.01,0.01,0.003,0.0
0.016,0.048,0.0047978064976632595,0.0,0.0,1.0,2.4,40000.0,0.009,0.0,0.01,0.01,0.003,0.0
0.026666666666666658,0.048,0.0053342836908996105,0.0,0.0,1.0,2.4,40000.0,0.009,0.0,0.01,0.01,0.003,0.0
0.03733333333333333,0.048,0.0,0.0,0.0,1.0,2.4,40000.0,0.009,0.0,0.01,0.01,0.003,0.0
0.048,0.048,0.0006715364288538694,0.0,0.0,1.0,2.4,40000.0,0.009,0.0,0.01,0.01,0.003,0.0
0.05866666666666666,0.048,0.003687571734189987,0.0,0.0,1.0,2.4,40000.0,0.009,0.0,0.01,0.01,0.003,0.0
0.06933333333333332,0.048,0.004351051524281502,0.0,0.0,1.0,2.4,40000.0,0.009,0.0,0.01,0.01,0.003,0.0
0.08,0.048,0.002815658925101161,0.0,0.0,1.0,2.4,40000.0,0.009,0.0,0.01,0.01,0.003,0.0
-0.08,0.05866666666666666,0.008500000461935997,0.0,0.0,1.0,2.4,40000.0,0.009,0.0,0.01,0.01,0.003,0.0
-0.06933333333333333,0.05866666666666666,0.0012107701040804386,0.0,0.0,1.0,2.4,40000.0,0.009,0.0,0.01,0.01,0.003,0.0
-0.05866666666666667,0.05866666666666666,0.00611342815682292,0.0,0.0,1.0,2.4,40000.0,0.009,0.0,0.01,0.01,0.003,0.0
-0.048,0.05866666666666666,0.004045144189149141,0.0,0.0,1.0,2.4,40000.0,0.009,0.0,0.01,0.01,0.003,0.0
-0.037333333333333336,0.05866666666666666,0.0,0.0,0.0,1.0,2.4,40000.0,0.009,0.0,0.01,0.01,0.003,0.0
-0.026666666666666672,0.05866666666666666,0.007602935191243887,0.0,0.0,1.0,2.4,40000.0,0.009,0.0,0.01,0.01,0.003,0.0
-0.016,0.05866666666666666,0.00533567788079381,0.0,0.0,1.0,2.4,40000.0,0.009,0.0,0.01,0.01,0.003,0.0
-0.005333333333333343,0.05866666666666666,0.0031071763951331377,0.0,0.0,1.0,2.4,40000.0,0.009,0.0,0.01,0.01,0.003,0.0
0.005333333333333329,0.05866666666666666,0.0029717106372117996,0.0,0.0,1.0,2.4,40000.0,0.009,0.0,0.01,0.01,0.003,0.0
0.016,0.05866666666666666,0.004429088439792395,0.0,0.0,1.0,2.4,40000.0,0.009,0.0,0.01,0.01,0.003,0.0
0.026666666666666658,0.05866666666666666,0.006510771345347166,0.0,0.0,1.0,2.4,40000.0,0.009,0.0,0.01,0.01,0.003,0.0
0.03733333333333333,0.05866666666666666,0.0,0.0,0.0,1.0,2.4,40000.0,0.009,0.0,0.01,0.01,0.003,0.0
0.048,0.05866666666666666,0.0037667243741452694,0.0,0.0,1.0,2.4,40000.0,0.009,0.0,0.01,0.01,0.003,0.0
0.05866666666666666,0.05866666666666666,0.005605305545032024,0.0,0.0,1.0,2.4,40000.0,0.009,0.0,0.01,0.01,0.003,0.0
0.06933333333333332,0.05866666666666666,0.0011806797701865435,0.0,0.0,1.0,2.4,40000.0,0.009,0.0,0.01,0.01,0.003,0.0
0.08,0.05866666666666666,0.008380220271646976,0.0,0.0,1.0,2.4,40000.0,0.009,0.0,0.01,0.01,0.003,0.0
-0.08,0.06933333333333332,0.005401077680289745,0.0,0.0,1.0,2.4,40000.0,0.009,0.0,0.01,0.01,0.003,0.0
-0.06933333333333333,0.06933333333333332,0.0,0.0,0.0,1.0,2.4,40000.0,0.009,0.0,0.01,0.01,0.003,0.0
-0.05866666666666667,0.06933333333333332,0.0018147982191294432,0.0,0.0,1.0,2.4,40000.0,0.009,0.0,0.01,0.01,0.003,0.0
-0.048,0.06933333333333332,0.005479840096086264,0.0,0.0,1.0,2.4,40000.0,0.009,0.0,0.01,0.01,0.003,0.0
-0.037333333333333336,0.06933333333333332,0.003036626148968935,0.0,0.0,1.0,2.4,40000.0,0.009,0.0,0.01,0.01,0.003,0.0
-0.026666666666666672,0.06933333333333332,0.008500000461935997,0.0,0.0,1.0,2.4,40000.0,0.009,0.0,0.01,0.01,0.003,0.0
-0.016,0.06933333333333332,0.005543265491724014,0.0,0.0,1.0,2.4,40000.0,0.009,0.0,0.01,0.01,0.003,0.0
-0.005333333333333343,0.06933333333333332,0.005758331157267094,0.0,0.0,1.0,2.4,40000.0,0.009,0.0,0.01,0.01,0.003,0.0
0.005333333333333329,0.06933333333333332,0.005626083351671696,0.0,0.0,1.0,2.4,40000.0,0.009,0.0,0.01,0.01,0.003,0.0
0.016,0.06933333333333332,0.005769069772213697,0.0,0.0,1.0,2.4,40000.0,0.009,0.0,0.01,0.01,0.003,0.0
0.026666666666666658,0.06933333333333332,0.008500000461935997,0.0,0.0,1.0,2.4,40000.0,0.009,0.0,0.01,0.01,0.003,0.0
0.03733333333333333,0.06933333333333332,0.0006793121574446559,0.0,0.0,1.0,2.4,40000.0,0.009,0.0,0.01,0.01,0.003,0.0
0.048,0.06933333333333332,0.004065172281116247,0.0,0.0,1.0,2.4,40000.0,0.009,0.0,0.01,0.01,0.003,0.0
0.05866666666666666,0.06933333333333332,0.0012239376083016396,0.0,0.0,1.0,2.4,40000.0,0.009,0.0,0.01,0.01,0.003,0.0
0.06933333333333332,0.06933333333333332,0.0,0.0,0.0,1.0,2.4,40000.0,0.009,0.0,0.01,0.01,0.003,0.0
0.08,0.06933333333333332,0.0060912445187568665,0.0,0.0,1.0,2.4,40000.0,0.009,0.0,0.01,0.01,0.003,0.0
-0.08,0.08,0.008500000461935997,0.0,0.0,1.0,2.4,40000.0,0.009,0.0,0.01,0.01,0.003,0.0
-0.06933333333333333,0.08,0.006147725973278284,0.0,0.0,1.0,2.4,40000.0,0.009,0.0,0.01,0.01,0.003,0.0
-0.05866666666666667,0.08,0.008500000461935997,0.0,0.0,1.0,2.4,40000.0,0.009,0.0,0.01,0.01,0.003,0.0
-0.048,0.08,0.0036845668219029903,0.0,0.0,1.0,2.4,40000.0,0.009,0.0,0.01,0.01,0.003,0.0
-0.037333333333333336,0.08,0.0,0.0,0.0,1.0,2.4,40000.0,0.009,0.0,0.01,0.01,0.003,0.0
-0.026666666666666672,0.08,0.008500000461935997,0.0,0.0,1.0,2.4,40000.0,0.009,0.0,0.01,0.01,0.003,0.0
-0.016,0.08,0.0008448545122519135,0.0,0.0,1.0,2.4,40000.0,0.009,0.0,0.01,0.01,0.003,0.0
-0.005333333333333343,0.08,0.008500000461935997,0.0,0.0,1.0,2.4,40000.0,0.009,0.0,0.01,0.01,0.003,0.0
0.005333333333333329,0.08,0.0,0.0,0.0,1.0,2.4,40000.0,0.009,0.0,0.01,0.01,0.003,0.0
0.016,0.08,0.0008124699234031141,0.0,0.0,1.0,2.4,40000.0,0.009,0.0,0.01,0.01,0.003,0.0
0.026666666666666658,0.08,0.008500000461935997,0.0,0.0,1.0,2.4,40000.0,0.009,0.0,0.01,0.01,0.003,0.0
0.03733333333333333,0.08,0.0055322470143437386,0.0,0.0,1.0,2.4,40000.0,0.009,0.0,0.01,0.01,0.003,0.0
0.048,0.08,0.0026607068721204996,0.0,0.0,1.0,2.4,40000.0,0.009,0.0,0.01,0.01,0.003,0.0
0.05866666666666666,0.08,0.008410443551838398,0.0,0.0,1.0,2.4,40000.0,0.009,0.0,0.01,0.01,0.003,0.0
0.06933333333333332,0.08,0.006149669643491507,0.0,0.0,1.0,2.4,40000.0,0.009,0.0,0.01,0.01,0.003,0.0
0.08,0.08,0.006098282523453236,0.0,0.0,1.0,2.4,40000.0,0.009,0.0,0.01,0.01,0.003,0.0
