-0.08,-0.08,0.0066611734218895435,0.0,0.0,1.0,2.4,40000.0,0.009,0.0,0.01,0.01,0.003,0.0
-0.06933333333333333,-0.08,0.0051775104366242886,0.0,0.0,1.0,2.4,40000.0,0.009,0.0,0.01,0.01,0.003,0.0
-0.05866666666666667,-0.08,0.0083248196169734,0.0,0.0,1.0,2.4,40000.0,0.009,0.0,0.01,0.01,0.003,0.0
-0.048,-0.08,0.0003869419451802969,0.0,0.0,1.0,2.4,40000.0,0.009,0.0,0.01,0.01,0.003,0.0
-0.037333333333333336,-0.08,0.0054032769985497,0.0,0.0,1.0,2.4,40000.0,0.009,0.0,0.01,0.01,0.003,0.0
-0.026666666666666672,-0.08,0.008500000461935997,0.0,0.0,1.0,2.4,40000.0,0.009,0.0,0.01,0.01,0.003,0.0
-0.016,-0.08,0.007135332096368074,0.0,0.0,1.0,2.4,40000.0,0.009,0.0,0.01,0.01,0.003,0.0
-0.005333333333333343,-0.08,0.0,0.0,0.0,1.0,2.4,40000.0,0.009,0.0,0.01,0.01,0.003,0.0
0.005333333333333329,-0.08,0.006128971464931965,0.0,0.0,1.0,2.4,40000.0,0.009,0.0,0.01,0.01,0.003,0.0
0.016,-0.08,0.0,0.0,0.0,1.0,2.4,40000.0,0.009,0.0,0.01,0.01,0.003,0.0
0.026666666666666658,-0.08,0.008500000461935997,0.0,0.0,1.0,2.4,40000.0,0.009,0.0,0.01,0.01,0.003,0.0
0.03733333333333333,-0.08,0.0009058919386006892,0.0,0.0,1.0,2.4,40000.0,0.009,0.0,0.01,0.01,0.003,0.0
0.048,-0.08,0.00576387532055378,0.0,0.0,1.0,2.4,40000.0,0.009,0.0,0.01,0.01,0.003,0.0
0.05866666666666666,-0.08,0.003939759451895952,0.0,0.0,1.0,2.4,40000.0,0.009,0.0,0.01,0.01,0.003,0.0
0.06933333333333332,-0.08,0.0021638963371515274,0.0,0.0,1.0,2.4,40000.0,0.009,0.0,0.01,0.01,0.003,0.0
0.08,-0.08,0.0,0.0,0.0,1.0,2.4,40000.0,0.009,0.0,0.01,0.01,0.003,0.0
-0.08,-0.06933333333333333,0.008500000461935997,0.0,0.0,1.0,2.4,40000.0,0.009,0.0,0.01,0.01,0.003,0.0
-0.06933333333333333,-0.06933333333333333,0.0,0.0,0.0,1.0,2.4,40000.0,0.009,0.0,0.01,0.01,0.003,0.0
-0.05866666666666667,-0.06933333333333333,0.006674877367913723,0.0,0.0,1.0,2.4,40000.0,0.009,0.0,0.01,0.01,0.003,0.0
-0.048,-0.06933333333333333,0.003896356327459216,0.0,0.0,1.0,2.4,40000.0,0.009,0.0,0.01,0.01,0.003,0.0
-0.037333333333333336,-0.06933333333333333,0.0008360576466657221,0.0,0.0,1.0,2.4,40000.0,0.009,0.0,0.01,0.01,0.003,0.0
-0.026666666666666672,-0.06933333333333333,0.008500000461935997,0.0,0.0,1.0,2.4,40000.0,0.009,0.0,0.01,0.01,0.003,0.0
-0.016,-0.06933333333333333,0.008058912120759487,0.0,0.0,1.0,2.4,40000.0,0.009,0.0,0.01,0.01,0.003,0.0
-0.005333333333333343,-0.06933333333333333,0.0019387893844395876,0.0,0.0,1.0,2.4,40000.0,0.009,0.0,0.01,0.01,0.003,0.0
0.005333333333333329,-0.06933333333333333,0.008190077729523182,0.0,0.0,1.0,2.4,40000.0,0.009,0.0,0.01,0.01,0.003,0.0
0.016,-0.06933333333333333,0.003107388038188219,0.0,0.0,1.0,2.4,40000.0,0.009,0.0,0.01,0.01,0.003,0.0
0.026666666666666658,-0.06933333333333333,0.00464849965646863,0.0,0.0,1.0,2.4,40000.0,0.009,0.0,0.01,0.01,0.003,0.0
0.03733333333333333,-0.06933333333333333,0.0,0.0,0.0,1.0,2.4,40000.0,0.009,0.0,0.01,0.01,0.003,0.0
0.048,-0.06933333333333333,0.008500000461935997,0.0,0.0,1.0,2.4,40000.0,0.009,0.0,0.01,0.01,0.003,0.0
0.05866666666666666,-0.06933333333333333,0.004751115571707487,0.0,0.0,1.0,2.4,40000.0,0.009,0.0,0.01,0.01,0.003,0.0
0.06933333333333332,-0.06933333333333333,0.0,0.0,0.0,1.0,2.4,40000.0,0.009,0.0,0.01,0.01,0.003,0.0
0.08,-0.06933333333333333,0.0020898443181067705,0.0,0.0,1.0,2.4,40000.0,0.009,0.0,0.01,0.01,0.003,0.0
-0.08,-0.05866666666666667,0.006042797118425369,0.0,0.0,1.0,2.4,40000.0,0.009,0.0,0.01,0.01,0.003,0.0
-0.06933333333333333,-0.05866666666666667,0.0010287438053637743,0.0,0.0,1.0,2.4,40000.0,0.009,0.0,0.01,0.01,0.003,0.0
-0.05866666666666667,-0.05866666666666667,0.0,0.0,0.0,1.0,2.4,40000.0,0.009,0.0,0.01,0.01,0.003,0.0
-0.048,-0.05866666666666667,0.0038609399925917387,0.0,0.0,1.0,2.4,40000.0,0.009,0.0,0.01,0.01,0.003,0.0
-0.037333333333333336,-0.05866666666666667,0.0,0.0,0.0,1.0,2.4,40000.0,0.009,0.0,0.01,0.01,0.003,0.0
-0.026666666666666672,-0.05866666666666667,0.006926789879798889,0.0,0.0,1.0,2.4,40000.0,0.009,0.0,0.01,0.01,0.003,0.0
-0.016,-0.05866666666666667,0.004623491317033768,0.0,0.0,1.0,2.4,40000.0,0.009,0.0,0.01,0.01,0.003,0.0
-0.005333333333333343,-0.05866666666666667,0.0044487472623586655,0.0,0.0,1.0,2.4,40000.0,0.009,0.0,0.01,0.01,0.003,0.0
0.005333333333333329,-0.05866666666666667,0.0044148885644972324,0.0,0.0,1.0,2.4,40000.0,0.009,0.0,0.01,0.01,0.003,0.0
0.016,-0.05866666666666667,0.0021358304657042027,0.0,0.0,1.0,2.4,40000.0,0.009,0.0,0.01,0.01,0.003,0.0
0.026666666666666658,-0.05866666666666667,0.005224206484854221,0.0,0.0,1.0,2.4,40000.0,0.009,0.0,0.01,0.01,0.003,0.0
0.03733333333333333,-0.05866666666666667,0.002466578735038638,0.0,0.0,1.0,2.4,40000.0,0.009,0.0,0.01,0.01,0.003,0.0
0.048,-0.05866666666666667,0.0073695918545126915,0.0,0.0,1.0,2.4,40000.0,0.009,0.0,0.01,0.01,0.003,0.0
0.05866666666666666,-0.05866666666666667,0.007749530486762524,0.0,0.0,1.0,2.4,40000.0,0.009,0.0,0.01,0.01,0.003,0.0
0.06933333333333332,-0.05866666666666667,0.004217070527374744,0.0,0.0,1.0,2.4,40000.0,0.009,0.0,0.01,0.01,0.003,0.0
0.08,-0.05866666666666667,0.004776178393512964,0.0,0.0,1.0,2.4,40000.0,0.009,0.0,0.01,0.01,0.003,0.0
-0.08,-0.048,0.0013504186645150185,0.0,0.0,1.0,2.4,40000.0,0.009,0.0,0.01,0.01,0.003,0.0
-0.06933333333333333,-0.048,0.0,0.0,0.0,1.0,2.4,40000.0,0.009,0.0,0.01,0.01,0.003,0.0
-0.05866666666666667,-0.048,0.0037791645154356956,0.0,0.0,1.0,2.4,40000.0,0.009,0.0,0.01,0.01,0.003,0.0
-0.048,-0.048,0.0015415344387292862,0.0,0.0,1.0,2.4,40000.0,0.009,0.0,0.01,0.01,0.003,0.0
-0.037333333333333336,-0.048,0.0,0.0,0.0,1.0,2.4,40000.0,0.009,0.0,0.01,0.01,0.003,0.0
-0.026666666666666672,-0.048,0.005919279996305704,0.0,0.0,1.0,2.4,40000.0,0.009,0.0,0.01,0.01,0.003,0.0
-0.016,-0.048,0.004411283414810896,0.0,0.0,1.0,2.4,40000.0,0.009,0.0,0.01,0.01,0.003,0.0
-0.005333333333333343,-0.048,0.003913207445293665,0.0,0.0,1.0,2.4,40000.0,0.009,0.0,0.01,0.01,0.003,0.0
0.005333333333333329,-0.048,0.0075123985297977924,0.0,0.0,1.0,2.4,40000.0,0.009,0.0,0.01,0.01,0.003,0.0
0.016,-0.048,0.004128182772547007,0.0,0.0,1.0,2.4,40000.0,0.009,0.0,0.01,0.01,0.003,0.0
0.026666666666666658,-0.048,0.0018356193322688341,0.0,0.0,1.0,2.4,40000.0,0.009,0.0,0.01,0.01,0.003,0.0
0.03733333333333333,-0.048,0.005085240583866835,0.0,0.0,1.0,2.4,40000.0,0.009,0.0,0.01,0.01,0.003,0.0
0.048,-0.048,0.008112379349768162,0.0,0.0,1.0,2.4,40000.0,0.009,0.0,0.01,0.01,0.003,0.0
0.05866666666666666,-0.048,0.002159683033823967,0.0,0.0,1.0,2.4,40000.0,0.009,0.0,0.01,0.01,0.003,0.0
0.06933333333333332,-0.048,0.005673926789313555,0.0,0.0,1.0,2.4,40000.0,0.009,0.0,0.01,0.01,0.003,0.0
0.08,-0.048,0.0016799649456515908,0.0,0.0,1.0,2.4,40000.0,0.009,0.0,0.01,0.01,0.003,0.0
-0.08,-0.037333333333333336,0.008163804188370705,0.0,0.0,1.0,2.4,40000.0,0.009,0.0,0.01,0.01,0.003,0.0
-0.06933333333333333,-0.037333333333333336,0.0034281944390386343,0.0,0.0,1.0,2.4,40000.0,0.009,0.0,0.01,0.01,0.003,0.0
-0.05866666666666667,-0.037333333333333336,0.0037109905388206244,0.0,0.0,1.0,2.4,40000.0,0.009,0.0,0.01,0.01,0.003,0.0
-0.048,-0.037333333333333336,0.0008858987130224705,0.0,0.0,1.0,2.4,40000.0,0.009,0.0,0.01,0.01,0.003,0.0
-0.037333333333333336,-0.037333333333333336,0.006673482712358236,0.0,0.0,1.0,2.4,40000.0,0.009,0.0,0.01,0.01,0.003,0.0
-0.026666666666666672,-0.037333333333333336,0.0049544330686330795,0.0,0.0,1.0,2.4,40000.0,0.009,0.0,0.01,0.01,0.003,0.0
-0.016,-0.037333333333333336,0.003496072720736265,0.0,0.0,1.0,2.4,40000.0,0.009,0.0,0.01,0.01,0.003,0.0
-0.005333333333333343,-0.037333333333333336,0.0032542450353503227,0.0,0.0,1.0,2.4,40000.0,0.009,0.0,0.01,0.01,0.003,0.0
0.005333333333333329,-0.037333333333333336,0.0028235663194209337,0.0,0.0,1.0,2.4,40000.0,0.009,0.0,0.01,0.01,0.003,0.0
0.016,-0.037333333333333336,0.006635591853410006,0.0,0.0,1.0,2.4,40000.0,0.009,0.0,0.01,0.01,0.003,0.0
0.026666666666666658,-0.037333333333333336,0.008500000461935997,0.0,0.0,1.0,2.4,40000.0,0.009,0.0,0.01,0.01,0.003,0.0
0.03733333333333333,-0.037333333333333336,0.002836747793480754,0.0,0.0,1.0,2.4,40000.0,0.009,0.0,0.01,0.01,0.003,0.0
0.048,-0.037333333333333336,0.004854814615100622,0.0,0.0,1.0,2.4,40000.0,0.009,0.0,0.01,0.01,0.003,0.0
0.05866666666666666,-0.037333333333333336,0.00787166878581047,0.0,0.0,1.0,2.4,40000.0,0.009,0.0,0.01,0.01,0.003,0.0
0.06933333333333332,-0.037333333333333336,0.004332854878157377,0.0,0.0,1.0,2.4,40000.0,0.009,0.0,0.01,0.01,0.003,0.0
0.08,-0.037333333333333336,0.00461503816768527,0.0,0.0,1.0,2.4,40000.0,0.009,0.0,0.01,0.01,0.003,0.0
-0.08,-0.026666666666666672,0.00769193097949028,0.0,0.0,1.0,2.4,40000.0,0.009,0.0,0.01,0.01,0.003,0.0
-0.06933333333333333,-0.026666666666666672,0.002791286213323474,0.0,0.0,1.0,2.4,40000.0,0.009,0.0,0.01,0.01,0.003,0.0
-0.05866666666666667,-0.026666666666666672,0.008500000461935997,0.0,0.0,1.0,2.4,40000.0,0.009,0.0,0.01,0.01,0.003,0.0
-0.048,-0.026666666666666672,0.005046186503022909,0.0,0.0,1.0,2.4,40000.0,0.009,0.0,0.01,0.01,0.003,0.0
-0.037333333333333336,-0.026666666666666672,0.00694270571693778,0.0,0.0,1.0,2.4,40000.0,0.009,0.0,0.01,0.01,0.003,0.0
-0.026666666666666672,-0.026666666666666672,0.005355596076697111,0.0,0.0,1.0,2.4,40000.0,0.009,0.0,0.01,0.01,0.003,0.0
-0.016,-0.026666666666666672,0.0041084629483520985,0.0,0.0,1.0,2.4,40000.0,0.009,0.0,0.01,0.01,0.003,0.0
-0.005333333333333343,-0.026666666666666672,0.002735244110226631,0.0,0.0,1.0,2.4,40000.0,0.009,0.0,0.01,0.01,0.003,0.0
0.005333333333333329,-0.026666666666666672,0.00504334969446063,0.0,0.0,1.0,2.4,40000.0,0.009,0.0,0.01,0.01,0.003,0.0
0.016,-0.026666666666666672,0.000846468610689044,0.0,0.0,1.0,2.4,40000.0,0.009,0.0,0.01,0.01,0.003,0.0
0.026666666666666658,-0.026666666666666672,0.0021429078187793493,0.0,0.0,1.0,2.4,40000.0,0.009,0.0,0.01,0.01,0.003,0.0
0.03733333333333333,-0.026666666666666672,0.008500000461935997,0.0,0.0,1.0,2.4,40000.0,0.009,0.0,0.01,0.01,0.003,0.0
0.048,-0.026666666666666672,0.006362995598465204,0.0,0.0,1.0,2.4,40000.0,0.009,0.0,0.01,0.01,0.003,0.0
0.05866666666666666,-0.026666666666666672,0.00380392256192863,0.0,0.0,1.0,2.4,40000.0,0.009,0.0,0.01,0.01,0.003,0.0
0.06933333333333332,-0.026666666666666672,0.00839299988001585,0.0,0.0,1.0,2.4,40000.0,0.009,0.0,0.01,0.01,0.003,0.0
0.08,-0.026666666666666672,0.0016370884841307998,0.0,0.0,1.0,2.4,40000.0,0.009,0.0,0.01,0.01,0.003,0.0
-0.08,-0.016,0.005375938024371862,0.0,0.0,1.0,2.4,40000.0,0.009,0.0,0.01,0.01,0.003,0.0
-0.06933333333333333,-0.016,0.0022616623900830746,0.0,0.0,1.0,2.4,40000.0,0.009,0.0,0.01,0.01,0.003,0.0
-0.05866666666666667,-0.016,0.008200005628168583,0.0,0.0,1.0,2.4,40000.0,0.009,0.0,0.01,0.01,0.003,0.0
-0.048,-0.016,0.004687677137553692,0.0,0.0,1.0,2.4,40000.0,0.009,0.0,0.01,0.01,0.003,0.0
-0.037333333333333336,-0.016,0.00303454278036952,0.0,0.0,1.0,2.4,40000.0,0.009,0.0,0.01,0.01,0.003,0.0
-0.026666666666666672,-0.016,0.004925603978335857,0.0,0.0,1.0,2.4,40000.0,0.009,0.0,0.01,0.01,0.003,0.0
-0.016,-0.016,0.0037755246739834547,0.0,0.0,1.0,2.4,40000.0,0.009,0.0,0.01,0.01,0.003,0.0
-0.005333333333333343,-0.016,0.004499874543398619,0.0,0.0,1.0,2.4,40000.0,0.009,0.0,0.01,0.01,0.003,0.0
0.005333333333333329,-0.016,0.005491569172590971,0.0,0.0,1.0,2.4,40000.0,0.009,0.0,0.01,0.01,0.003,0.0
0.016,-0.016,0.008500000461935997,0.0,0.0,1.0,2.4,40000.0,0.009,0.0,0.01,0.01,0.003,0.0
0.026666666666666658,-0.016,0.0015513078542426229,0.0,0.0,1.0,2.4,40000.0,0.009,0.0,0.01,0.01,0.003,0.0
0.03733333333333333,-0.016,0.0030948095954954624,0.0,0.0,1.0,2.4,40000.0,0.009,0.0,0.01,0.01,0.003,0.0
0.048,-0.016,0.00651378370821476,0.0,0.0,1.0,2.4,40000.0,0.009,0.0,0.01,0.01,0.003,0.0
0.05866666666666666,-0.016,0.0015154134016484022,0.0,0.0,1.0,2.4,40000.0,0.009,0.0,0.01,0.01,0.003,0.0
0.06933333333333332,-0.016,0.005032073240727186,0.0,0.0,1.0,2.4,40000.0,0.009,0.0,0.01,0.01,0.003,0.0
0.08,-0.016,0.006848298944532871,0.0,0.0,1.0,2.4,40000.0,0.009,0.0,0.01,0.01,0.003,0.0
-0.08,-0.005333333333333343,0.0,0.0,0.0,1.0,2.4,40000.0,0.009,0.0,0.01,0.01,0.003,0.0
-0.06933333333333333,-0.005333333333333343,0.0010261551942676306,0.0,0.0,1.0,2.4,40000.0,0.009,0.0,0.01,0.01,0.003,0.0
-0.05866666666666667,-0.005333333333333343,0.0,0.0,0.0,1.0,2.4,40000.0,0.009,0.0,0.01,0.01,0.003,0.0
-0.048,-0.005333333333333343,0.0050107683055102825,0.0,0.0,1.0,2.4,40000.0,0.009,0.0,0.01,0.01,0.003,0.0
-0.037333333333333336,-0.005333333333333343,0.003375306259840727,0.0,0.0,1.0,2.4,40000.0,0.009,0.0,0.01,0.01,0.003,0.0
-0.026666666666666672,-0.005333333333333343,0.0018706233240664005,0.0,0.0,1.0,2.4,40000.0,0.009,0.0,0.01,0.01,0.003,0.0
-0.016,-0.005333333333333343,0.0029582094866782427,0.0,0.0,1.0,2.4,40000.0,0.009,0.0,0.01,0.01,0.003,0.0
-0.005333333333333343,-0.005333333333333343,0.003481595078483224,0.0,0.0,1.0,2.4,40000.0,0.009,0.0,0.01,0.01,0.003,0.0
0.005333333333333329,-0.005333333333333343,0.0036165155470371246,0.0,0.0,1.0,2.4,40000.0,0.009,0.0,0.01,0.01,0.003,0.0
0.016,-0.005333333333333343,0.007943356409668922,0.0,0.0,1.0,2.4,40000.0,0.009,0.0,0.01,0.01,0.003,0.0
0.026666666666666658,-0.005333333333333343,0.0013230612967163324,0.0,0.0,1.0,2.4,40000.0,0.009,0.0,0.01,0.01,0.003,0.0
0.03733333333333333,-0.005333333333333343,0.003635068191215396,0.0,0.0,1.0,2.4,40000.0,0.009,0.0,0.01,0.01,0.003,0.0
0.048,-0.005333333333333343,0.005563416518270969,0.0,0.0,1.0,2.4,40000.0,0.009,0.0,0.01,0.01,0.003,0.0
0.05866666666666666,-0.005333333333333343,0.0,0.0,0.0,1.0,2.4,40000.0,0.009,0.0,0.01,0.01,0.003,0.0
0.06933333333333332,-0.005333333333333343,0.0014178416458889842,0.0,0.0,1.0,2.4,40000.0,0.009,0.0,0.01,0.01,0.003,0.0
0.08,-0.005333333333333343,0.00544589851051569,0.0,0.0,1.0,2.4,40000.0,0.009,0.0,0.01,0.01,0.003,0.0
-0.08,0.005333333333333329,0.006634778808802366,0.0,0.0,1.0,2.4,40000.0,0.009,0.0,0.01,0.01,0.003,0.0
-0.06933333333333333,0.005333333333333329,0.008500000461935997,0.0,0.0,1.0,2.4,40000.0,0.009,0.0,0.01,0.01,0.003,0.0
-0.05866666666666667,0.005333333333333329,0.002535921288654208,0.0,0.0,1.0,2.4,40000.0,0.009,0.0,0.01,0.01,0.003,0.0
-0.048,0.005333333333333329,0.0038407696411013603,0.0,0.0,1.0,2.4,40000.0,0.009,0.0,0.01,0.01,0.003,0.0
-0.037333333333333336,0.005333333333333329,0.0027425941079854965,0.0,0.0,1.0,2.4,40000.0,0.009,0.0,0.01,0.01,0.003,0.0
-0.026666666666666672,0.005333333333333329,0.0016842718468979,0.0,0.0,1.0,2.4,40000.0,0.009,0.0,0.01,0.01,0.003,0.0
-0.016,0.005333333333333329,0.00448708888143301,0.0,0.0,1.0,2.4,40000.0,0.009,0.0,0.01,0.01,0.003,0.0
-0.005333333333333343,0.005333333333333329,0.0030847862362861633,0.0,0.0,1.0,2.4,40000.0,0.009,0.0,0.01,0.01,0.003,0.0
0.005333333333333329,0.005333333333333329,0.004080594517290592,0.0,0.0,1.0,2.4,40000.0,0.009,0.0,0.01,0.01,0.003,0.0
0.016,0.005333333333333329,0.004770314786583185,0.0,0.0,1.0,2.4,40000.0,0.009,0.0,0.01,0.01,0.003,0.0
0.026666666666666658,0.005333333333333329,0.0030694310553371906,0.0,0.0,1.0,2.4,40000.0,0.009,0.0,0.01,0.01,0.003,0.0
0.03733333333333333,0.005333333333333329,0.003544815117493272,0.0,0.0,1.0,2.4,40000.0,0.009,0.0,0.01,0.01,0.003,0.0
0.048,0.005333333333333329,0.0040465351194143295,0.0,0.0,1.0,2.4,40000.0,0.009,0.0,0.01,0.01,0.003,0.0
0.05866666666666666,0.005333333333333329,0.007110036909580231,0.0,0.0,1.0,2.4,40000.0,0.009,0.0,0.01,0.01,0.003,0.0
0.06933333333333332,0.005333333333333329,0.001160541782155633,0.0,0.0,1.0,2.4,40000.0,0.009,0.0,0.01,0.01,0.003,0.0
0.08,0.005333333333333329,0.004156091716140509,0.0,0.0,1.0,2.4,40000.0,0.009,0.0,0.01,0.01,0.003,0.0
-0.08,0.016,0.0010431476403027773,0.0,0.0,1.0,2.4,40000.0,0.009,0.0,0.01,0.01,0.003,0.0
-0.06933333333333333,0.016,0.002892881166189909,0.0,0.0,1.0,2.4,40000.0,0.009,0.0,0.01,0.01,0.003,0.0
-0.05866666666666667,0.016,0.005071510560810566,0.0,0.0,1.0,2.4,40000.0,0.009,0.0,0.01,0.01,0.003,0.0
-0.048,0.016,0.0,0.0,0.0,1.0,2.4,40000.0,0.009,0.0,0.01,0.01,0.003,0.0
-0.037333333333333336,0.016,0.0039043619763106108,0.0,0.0,1.0,2.4,40000.0,0.009,0.0,0.01,0.01,0.003,0.0
-0.026666666666666672,0.016,7.857268792577088e-05,0.0,0.0,1.0,2.4,40000.0,0.009,0.0,0.01,0.01,0.003,0.0
-0.016,0.016,0.008500000461935997,0.0,0.0,1.0,2.4,40000.0,0.009,0.0,0.01,0.01,0.003,0.0
-0.005333333333333343,0.016,0.005454961210489273,0.0,0.0,1.0,2.4,40000.0,0.009,0.0,0.01,0.01,0.003,0.0
0.005333333333333329,0.016,0.00472424179315567,0.0,0.0,1.0,2.4,40000.0,0.009,0.0,0.01,0.01,0.003,0.0
0.016,0.016,0.0038667202461510897,0.0,0.0,1.0,2.4,40000.0,0.009,0.0,0.01,0.01,0.003,0.0
0.026666666666666658,0.016,0.0037858150899410248,0.0,0.0,1.0,2.4,40000.0,0.009,0.0,0.01,0.01,0.003,0.0
0.03733333333333333,0.016,0.004349461290985346,0.0,0.0,1.0,2.4,40000.0,0.009,0.0,0.01,0.01,0.003,0.0
0.048,0.016,0.0038614945951849222,0.0,0.0,1.0,2.4,40000.0,0.009,0.0,0.01,0.01,0.003,0.0
0.05866666666666666,0.016,0.006821899209171534,0.0,0.0,1.0,2.4,40000.0,0.009,0.0,0.01,0.01,0.003,0.0
0.06933333333333332,0.016,0.008500000461935997,0.0,0.0,1.0,2.4,40000.0,0.009,0.0,0.01,0.01,0.003,0.0
0.08,0.016,0.003357666777446866,0.0,0.0,1.0,2.4,40000.0,0.009,0.0,0.01,0.01,0.003,0.0
-0.08,0.026666666666666658,0.008500000461935997,0.0,0.0,1.0,2.4,40000.0,0.009,0.0,0.01,0.01,0.003,0.0
-0.06933333333333333,0.026666666666666658,0.007298218086361885,0.0,0.0,1.0,2.4,40000.0,0.009,0.0,0.01,0.01,0.003,0.0
-0.05866666666666667,0.026666666666666658,0.004715521354228258,0.0,0.0,1.0,2.4,40000.0,0.009,0.0,0.01,0.01,0.003,0.0
-0.048,0.026666666666666658,0.002860807813704014,0.0,0.0,1.0,2.4,40000.0,0.009,0.0,0.01,0.01,0.003,0.0
-0.037333333333333336,0.026666666666666658,0.008500000461935997,0.0,0.0,1.0,2.4,40000.0,0.009,0.0,0.01,0.01,0.003,0.0
-0.026666666666666672,0.026666666666666658,0.0029935732018202543,0.0,0.0,1.0,2.4,40000.0,0.009,0.0,0.01,0.01,0.003,0.0
-0.016,0.026666666666666658,0.0007956582703627646,0.0,0.0,1.0,2.4,40000.0,0.009,0.0,0.01,0.01,0.003,0.0
-0.005333333333333343,0.026666666666666658,0.008500000461935997,0.0,0.0,1.0,2.4,40000.0,0.009,0.0,0.01,0.01,0.003,0.0
0.005333333333333329,0.026666666666666658,0.005964025389403105,0.0,0.0,1.0,2.4,40000.0,0.009,0.0,0.01,0.01,0.003,0.0
0.016,0.026666666666666658,0.003953298553824425,0.0,0.0,1.0,2.4,40000.0,0.009,0.0,0.01,0.01,0.003,0.0
0.026666666666666658,0.026666666666666658,0.004443678073585033,0.0,0.0,1.0,2.4,40000.0,0.009,0.0,0.01,0.01,0.003,0.0
0.03733333333333333,0.026666666666666658,0.005830253940075636,0.0,0.0,1.0,2.4,40000.0,0.009,0.0,0.01,0.01,0.003,0.0
0.048,0.026666666666666658,0.0040571121498942375,0.0,0.0,1.0,2.4,40000.0,0.009,0.0,0.01,0.01,0.003,0.0
0.05866666666666666,0.026666666666666658,0.0056941998191177845,0.0,0.0,1.0,2.4,40000.0,0.009,0.0,0.01,0.01,0.003,0.0
0.06933333333333332,0.026666666666666658,0.0,0.0,0.0,1.0,2.4,40000.0,0.009,0.0,0.01,0.01,0.003,0.0
0.08,0.026666666666666658,0.0025157437194138765,0.0,0.0,1.0,2.4,40000.0,0.009,0.0,0.01,0.01,0.003,0.0
-0.08,0.03733333333333333,0.0005245497450232506,0.0,0.0,1.0,2.4,40000.0,0.009,0.0,0.01,0.01,0.003,0.0
-0.06933333333333333,0.03733333333333333,0.005371449515223503,0.0,0.0,1.0,2.4,40000.0,0.009,0.0,0.01,0.01,0.003,0.0
-0.05866666666666667,0.03733333333333333,0.00486648827791214,0.0,0.0,1.0,2.4,40000.0,0.009,0.0,0.01,0.01,0.003,0.0
-0.048,0.03733333333333333,0.0035216386895626783,0.0,0.0,1.0,2.4,40000.0,0.009,0.0,0.01,0.01,0.003,0.0
-0.037333333333333336,0.03733333333333333,0.0025002367328852415,0.0,0.0,1.0,2.4,40000.0,0.009,0.0,0.01,0.01,0.003,0.0
-0.026666666666666672,0.03733333333333333,0.0034060163889080286,0.0,0.0,1.0,2.4,40000.0,0.009,0.0,0.01,0.01,0.003,0.0
-0.016,0.03733333333333333,0.00323110562749207,0.0,0.0,1.0,2.4,40000.0,0.009,0.0,0.01,0.01,0.003,0.0
-0.005333333333333343,0.03733333333333333,0.008500000461935997,0.0,0.0,1.0,2.4,40000.0,0.009,0.0,0.01,0.01,0.003,0.0
0.005333333333333329,0.03733333333333333,0.0,0.0,0.0,1.0,2.4,40000.0,0.009,0.0,0.01,0.01,0.003,0.0
0.016,0.03733333333333333,0.005366389639675617,0.0,0.0,1.0,2.4,40000.0,0.009,0.0,0.01,0.01,0.003,0.0
0.026666666666666658,0.03733333333333333,0.005431437864899635,0.0,0.0,1.0,2.4,40000.0,0.009,0.0,0.01,0.01,0.003,0.0
0.03733333333333333,0.03733333333333333,0.002801904221996665,0.0,0.0,1.0,2.4,40000.0,0.009,0.0,0.01,0.01,0.003,0.0
0.048,0.03733333333333333,0.003724135924130678,0.0,0.0,1.0,2.4,40000.0,0.009,0.0,0.01,0.01,0.003,0.0
0.05866666666666666,0.03733333333333333,0.0054274508729577065,0.0,0.0,1.0,2.4,40000.0,0.009,0.0,0.01,0.01,0.003,0.0
0.06933333333333332,0.03733333333333333,0.0,0.0,0.0,1.0,2.4,40000.0,0.009,0.0,0.01,0.01,0.003,0.0
0.08,0.03733333333333333,0.007320500444620848,0.0,0.0,1.0,2.4,40000.0,0.009,0.0,0.01,0.01,0.003,0.0
-0.08,0.048,0.006876612547785044,0.0,0.0,1.0,2.4,40000.0,0.009,0.0,0.01,0.01,0.003,0.0
-0.06933333333333333,0.048,0.007531521841883659,0.0,0.0,1.0,2.4,40000.0,0.009,0.0,0.01,0.01,0.003,0.0
-0.05866666666666667,0.048,0.0035716211423277855,0.0,0.0,1.0,2.4,40000.0,0.009,0.0,0.01,0.01,0.003,0.0
-0.048,0.048,0.004018429201096296,0.0,0.0,1.0,2.4,40000.0,0.009,0.0,0.01,0.01,0.003,0.0
-0.037333333333333336,0.048,0.0027699030470103025,0.0,0.0,1.0,2.4,40000.0,0.009,0.0,0.01,0.01,0.003,0.0
-0.026666666666666672,0.048,0.0021652106661349535,0.0,0.0,1.0,2.4,40000.0,0.009,0.0,0.01,0.01,0.003,0.0
-0.016,0.048,0.004698407370597124,0.0,0.0,1.0,2.4,40000.0,0.009,0.0,0.01,0.01,0.003,0.0
-0.005333333333333343,0.048,0.004572160542011261,0.0,0.0,1.0,2.4,40000.0,0.009,0.0,0.01,0.01,0.003,0.0
0.005333333333333329,0.048,0.008046622388064861,0.0,0.0,1.0,2.4,40000.0,0.009,0.0,0.01,0.01,0.003,0.0
0.016,0.048,0.005670096725225449,0.0,0.0,1.0,2.4,40000.0,0.009,0.0,0.01,0.01,0.003,0.0
0.026666666666666658,0.048,0.0052613564766943455,0.0,0.0,1.0,2.4,40000.0,0.009,0.0,0.01,0.01,0.003,0.0
0.03733333333333333,0.048,0.0025920066982507706,0.0,0.0,1.0,2.4,40000.0,0.009,0.0,0.01,0.01,0.003,0.0
0.048,0.048,0.004481288604438305,0.0,0.0,1.0,2.4,40000.0,0.009,0.0,0.01,0.01,0.003,0.0
0.05866666666666666,0.048,0.0044791074469685555,0.0,0.0,1.0,2.4,40000.0,0.009,0.0,0.01,0.01,0.003,0.0
0.06933333333333332,0.048,0.0038492039311677217,0.0,0.0,1.0,2.4,40000.0,0.009,0.0,0.01,0.01,0.003,0.0
0.08,0.048,0.008500000461935997,0.0,0.0,1.0,2.4,40000.0,0.009,0.0,0.01,0.01,0.003,0.0
-0.08,0.05866666666666666,0.003071978921070695,0.0,0.0,1.0,2.4,40000.0,0.009,0.0,0.01,0.01,0.003,0.0
-0.06933333333333333,0.05866666666666666,0.004496126435697079,0.0,0.0,1.0,2.4,40000.0,0.009,0.0,0.01,0.01,0.003,0.0
-0.05866666666666667,0.05866666666666666,0.006316532846540213,0.0,0.0,1.0,2.4,40000.0,0.009,0.0,0.01,0.01,0.003,0.0
-0.048,0.05866666666666666,0.0024624555371701717,0.0,0.0,1.0,2.4,40000.0,0.009,0.0,0.01,0.01,0.003,0.0
-0.037333333333333336,0.05866666666666666,0.005162032786756754,0.0,0.0,1.0,2.4,40000.0,0.009,0.0,0.01,0.01,0.003,0.0
-0.026666666666666672,0.05866666666666666,0.0039023449644446373,0.0,0.0,1.0,2.4,40000.0,0.009,0.0,0.01,0.01,0.003,0.0
-0.016,0.05866666666666666,0.005173578858375549,0.0,0.0,1.0,2.4,40000.0,0.009,0.0,0.01,0.01,0.003,0.0
-0.005333333333333343,0.05866666666666666,0.0,0.0,0.0,1.0,2.4,40000.0,0.009,0.0,0.01,0.01,0.003,0.0
0.005333333333333329,0.05866666666666666,0.008500000461935997,0.0,0.0,1.0,2.4,40000.0,0.009,0.0,0.01,0.01,0.003,0.0
0.016,0.05866666666666666,0.005034380126744509,0.0,0.0,1.0,2.4,40000.0,0.009,0.0,0.01,0.01,0.003,0.0
0.026666666666666658,0.05866666666666666,0.004091192036867142,0.0,0.0,1.0,2.4,40000.0,0.009,0.0,0.01,0.01,0.003,0.0
0.03733333333333333,0.05866666666666666,0.003633825806900859,0.0,0.0,1.0,2.4,40000.0,0.009,0.0,0.01,0.01,0.003,0.0
0.048,0.05866666666666666,0.004976650234311819,0.0,0.0,1.0,2.4,40000.0,0.009,0.0,0.01,0.01,0.003,0.0
0.05866666666666666,0.05866666666666666,0.0021705860272049904,0.0,0.0,1.0,2.4,40000.0,0.009,0.0,0.01,0.01,0.003,0.0
0.06933333333333332,0.05866666666666666,0.005970251280814409,0.0,0.0,1.0,2.4,40000.0,0.009,0.0,0.01,0.01,0.003,0.0
0.08,0.05866666666666666,0.008500000461935997,0.0,0.0,1.0,2.4,40000.0,0.009,0.0,0.01,0.01,0.003,0.0
-0.08,0.06933333333333332,0.008163200691342354,0.0,0.0,1.0,2.4,40000.0,0.009,0.0,0.01,0.01,0.003,0.0
-0.06933333333333333,0.06933333333333332,0.0,0.0,0.0,1.0,2.4,40000.0,0.009,0.0,0.01,0.01,0.003,0.0
-0.05866666666666667,0.06933333333333332,0.002444538287818432,0.0,0.0,1.0,2.4,40000.0,0.009,0.0,0.01,0.01,0.003,0.0
-0.048,0.06933333333333332,0.0045706224627792835,0.0,0.0,1.0,2.4,40000.0,0.009,0.0,0.01,0.01,0.003,0.0
-0.037333333333333336,0.06933333333333332,0.006382554769515991,0.0,0.0,1.0,2.4,40000.0,0.009,0.0,0.01,0.01,0.003,0.0
-0.026666666666666672,0.06933333333333332,0.004417920019477606,0.0,0.0,1.0,2.4,40000.0,0.009,0.0,0.01,0.01,0.003,0.0
-0.016,0.06933333333333332,0.00643885089084506,0.0,0.0,1.0,2.4,40000.0,0.009,0.0,0.01,0.01,0.003,0.0
-0.005333333333333343,0.06933333333333332,0.0,0.0,0.0,1.0,2.4,40000.0,0.009,0.0,0.01,0.01,0.003,0.0
0.005333333333333329,0.06933333333333332,0.0015759947709739208,0.0,0.0,1.0,2.4,40000.0,0.009,0.0,0.01,0.01,0.003,0.0
0.016,0.06933333333333332,0.006704471539705992,0.0,0.0,1.0,2.4,40000.0,0.009,0.0,0.01,0.01,0.003,0.0
0.026666666666666658,0.06933333333333332,0.004034016747027636,0.0,0.0,1.0,2.4,40000.0,0.009,0.0,0.01,0.01,0.003,0.0
0.03733333333333333,0.06933333333333332,0.005615632049739361,0.0,0.0,1.0,2.4,40000.0,0.009,0.0,0.01,0.01,0.003,0.0
0.048,0.06933333333333332,0.000803305534645915,0.0,0.0,1.0,2.4,40000.0,0.009,0.0,0.01,0.01,0.003,0.0
0.05866666666666666,0.06933333333333332,0.005953329615294933,0.0,0.0,1.0,2.4,40000.0,0.009,0.0,0.01,0.01,0.003,0.0
0.06933333333333332,0.06933333333333332,0.004314010962843895,0.0,0.0,1.0,2.4,40000.0,0.009,0.0,0.01,0.01,0.003,0.0
0.08,0.06933333333333332,0.0023151447530835867,0.0,0.0,1.0,2.4,40000.0,0.009,0.0,0.01,0.01,0.003,0.0
-0.08,0.08,0.0,0.0,0.0,1.0,2.4,40000.0,0.009,0.0,0.01,0.01,0.003,0.0
-0.06933333333333333,0.08,0.002307253424078226,0.0,0.0,1.0,2.4,40000.0,0.009,0.0,0.01,0.01,0.003,0.0
-0.05866666666666667,0.08,0.005307647865265608,0.0,0.0,1.0,2.4,40000.0,0.009,0.0,0.01,0.01,0.003,0.0
-0.048,0.08,0.0018677532207220793,0.0,0.0,1.0,2.4,40000.0,0.009,0.0,0.01,0.01,0.003,0.0
-0.037333333333333336,0.08,0.004769586957991123,0.0,0.0,1.0,2.4,40000.0,0.009,0.0,0.01,0.01,0.003,0.0
-0.026666666666666672,0.08,0.002753295237198472,0.0,0.0,1.0,2.4,40000.0,0.009,0.0,0.01,0.01,0.003,0.0
-0.016,0.08,0.007914047688245773,0.0,0.0,1.0,2.4,40000.0,0.009,0.0,0.01,0.01,0.003,0.0
-0.005333333333333343,0.08,0.0034717347007244825,0.0,0.0,1.0,2.4,40000.0,0.009,0.0,0.01,0.01,0.003,0.0
0.005333333333333329,0.08,0.0030935597606003284,0.0,0.0,1.0,2.4,40000.0,0.009,0.0,0.01,0.01,0.003,0.0
0.016,0.08,0.008086605928838253,0.0,0.0,1.0,2.4,40000.0,0.009,0.0,0.01,0.01,0.003,0.0
0.026666666666666658,0.08,0.0010552039602771401,0.0,0.0,1.0,2.4,40000.0,0.009,0.0,0.01,0.01,0.003,0.0
0.03733333333333333,0.08,0.006527214776724577,0.0,0.0,1.0,2.4,40000.0,0.009,0.0,0.01,0.01,0.003,0.0
0.048,0.08,0.004457795526832342,0.0,0.0,1.0,2.4,40000.0,0.009,0.0,0.01,0.01,0.003,0.0
0.05866666666666666,0.08,0.008500000461935997,0.0,0.0,1.0,2.4,40000.0,0.009,0.0,0.01,0.01,0.003,0.0
0.06933333333333332,0.08,0.0,0.0,0.0,1.0,2.4,40000.0,0.009,0.0,0.01,0.01,0.003,0.0
0.08,0.08,0.005499119404703379,0.0,0.0,1.0,2.4,40000.0,0.009,0.0,0.01,0.01,0.003,0.0
